{
	"credit": "Made with Blockbench",
	"texture_size": [32, 32],
	"textures": {
		"0": "block/chok_cake"
	},
	"elements": [
		{
			"from": [1, 0, 1],
			"to": [15, 8, 15],
			"rotation": {"angle": 0, "axis": "y", "origin": [9.5, 8, 14]},
			"faces": {
				"north": {"uv": [7.5, 0, 14.5, 4], "texture": "#0"},
				"east": {"uv": [7.5, 0, 14.5, 4], "texture": "#0"},
				"south": {"uv": [7.5, 0, 14.5, 4], "texture": "#0"},
				"west": {"uv": [7.5, 0, 14.5, 4], "texture": "#0"},
				"up": {"uv": [0, 7.5, 7, 14.5], "rotation": 180, "texture": "#0"},
				"down": {"uv": [0, 7, 7, 0], "rotation": 180, "texture": "#0"}
			}
		}
	],
	"display": {
		"thirdperson_righthand": {
			"rotation": [28, 4, 12],
			"translation": [-0.75, 7.75, 2.25]
		},
		"thirdperson_lefthand": {
			"rotation": [28, 4, 12],
			"translation": [-0.75, 7.75, 2.25]
		},
		"firstperson_righthand": {
			"rotation": [-20, 0, 4],
			"translation": [0, 1, 0]
		},
		"firstperson_lefthand": {
			"rotation": [-20, 0, 4],
			"translation": [0, 1, 0]
		},
		"ground": {
			"translation": [0, 5.5, 0]
		},
		"gui": {
			"rotation": [35, 135, 0],
			"translation": [0, 1.25, 0],
			"scale": [0.6, 0.6, 0.6]
		},
		"head": {
			"translation": [0, 19.5, -0.75],
			"scale": [1.66, 1.66, 1.66]
		},
		"fixed": {
			"rotation": [-90, 0, 0],
			"translation": [0, 0, -14],
			"scale": [2, 2, 2]
		}
	}
}